{
    "place-lech": [18.60660172,1.828427125],
  "place-spmnl": [19.3137085,2.535533906],
  "place-north": [20.02081528,3.242640687],
  "place-haecl": [20.02081528,4.242640687],
  "place-gover": [19.3137085,4.949747468],
  "place-pktrm": [18.60660172,5.656854249],
  "place-boyls": [17.60660172,5.656854249],
  "place-armnl": [16.60660172,5.656854249],
  "place-coecl": [15.60660172,5.656854249],
  "place-prmnl": [14.89949494,6.363961031],
  "place-symcl": [14.89949494,8.363961031],
  "place-nuniv": [14.19238816,9.071067812],
  "place-mfa": [13.48528137,9.778174593],
  "place-lngmd": [12.77817459,10.48528137],
  "place-brmnl": [12.07106781,11.19238816],
  "place-fenwd": [11.36396103,11.89949494],
  "place-mispk": [10.65685425,12.60660172],
  "place-rvrwy": [9.949747468,13.3137085],
  "place-bckhl": [9.242640687,14.02081528],
  "place-hsmnl": [8.535533906,14.72792206],
  "place-hymnl": [14.60660172,5.656854249],
  "place-kencl": [13.60660172,5.656854249],
  "place-fenwy": [12.19238816,7.071067812],
  "place-longw": [11.48528137,7.778174593],
  "place-bvmnl": [10.77817459,8.485281374],
  "place-brkhl": [10.07106781,9.192388155],
  "place-bcnfd": [9.363961031,9.899494937],
  "place-rsmnl": [8.656854249,10.60660172],
  "place-chhil": [7.949747468,11.3137085],
  "place-newto": [7.242640687,12.02081528],
  "place-newtn": [6.535533906,12.72792206],
  "place-eliot": [5.828427125,13.43502884],
  "place-waban": [5.121320344,14.14213562],
  "place-woodl": [4.414213562,14.8492424],
  "place-river": [3.414213562,14.8492424],
  "place-smary": [11.60660172,5.656854249],
  "place-hwsst": [10.89949494,4.949747468],
  "place-kntst": [10.19238816,4.242640687],
  "place-stpul": [9.192388155,4.242640687],
  "place-cool": [8.485281374,4.949747468],
  "place-sumav": [7.778174593,5.656854249],
  "place-bndhl": [7.071067812,6.363961031],
  "place-fbkst": [6.363961031,7.071067812],
  "place-bcnwa": [5.656854249,7.778174593],
  "place-tapst": [4.949747468,8.485281374],
  "place-denrd": [4.242640687,9.192388155],
  "place-engav": [3.535533906,9.899494937],
  "place-clmnl": [2.535533906,9.899494937],
  "place-bland": [12.89949494,4.949747468],
  "place-buest": [12.19238816,4.242640687],
  "place-bucen": [11.48528137,3.535533906],
  "place-buwst": [10.77817459,2.828427125],
  "place-stplb": [10.07106781,2.121320344],
  "place-plsgr": [9.363961031,1.414213562],
  "place-babck": [8.656854249,0.7071067812],
  "place-brico": [7.949747468,0],
  "place-harvd": [6.949747468,0],
  "place-grigg": [5.949747468,0],
  "place-alsgr": [5.242640687,0.7071067812],
  "place-wrnst": [4.535533906,1.414213562],
  "place-wascm": [3.828427125,2.121320344],
  "place-sthld": [3.121320344,2.828427125],
  "place-chswk": [2.414213562,3.535533906],
  "place-chill": [1.707106781,4.242640687],
  "place-sougr": [1,4.949747468],
  "place-lake": [0,4.949747468]
}